id,libraries
2252792,"{'vector', 'random', 'stdexcept', 'cmath', 'iostream', 'algorithm'}"
2252792,"{'random', 'Lish.h', 'stdexcept', 'algorithm', 'cmath', 'kNN.h', 'Dataset.h', 'iostream', 'vector', 'train_test_split.h'}"
2010044,"{'vector', 'stdexcept', 'unordered_map', 'map', 'algorithm'}"
2010044,"{'vector', 'stdexcept', 'unordered_map', 'map', 'algorithm'}"
2252304,{'ios'}
2210510,{'map'}
2011671,{'iostream'}
2214062,{'iostream'}
2152832,{'map'}
2052519,"{'random', 'cstdlib', 'unordered_map', 'cmath', 'algorithm', 'vector', 'ctime'}"
2212927,{'vector'}
2112762,{'typeinfo'}
1811797,"{'algorithm', 'map', 'vector', 'unordered_map'}"
2111817,"{'algorithm', 'vector', 'unordered_map'}"
1915317,{'vector'}
2213195,{'string'}
2213195,{'iostream'}
2113806,"{'cmath', 'map'}"
2011047,"{'string', 'sstream', 'stdexcept', 'unordered_map', 'fstream', 'cmath', 'iostream', 'vector'}"
2212397,"{'iostream', 'vector', 'stdexcept'}"
1952941,"{'vector', 'algorithm', 'unordered_map'}"
2053332,"{'cmath', 'algorithm', 'limits'}"
